-- SQL Seed Script for SafeCare Database
-- This script inserts Departments, IncidentDefinitions, and 200 IncidentReports

-- =============================================================================
-- DEPARTMENTS
-- =============================================================================
INSERT INTO "Departments" ("Id", "Name", "Code") VALUES
(1, 'Ortopedia', 'ORT'),
(2, 'Pediatria', 'PED'),
(3, 'Kardiologia', 'KAR'),
(4, 'Neurologia', 'NEU'),
(5, 'Chirurgia', 'CHI'),
(6, 'Ginekologia', 'GIN'),
(7, 'Onkologia', 'ONK'),
(8, 'Dermatologia', 'DER'),
(9, 'Psychiatria', 'PSY'),
(10, 'Radiologia', 'RAD');

-- =============================================================================
-- INCIDENT DEFINITIONS
-- =============================================================================
INSERT INTO "IncidentDefinitions" ("Id", "Name", "Category") VALUES
(1, 'ciało obce pozostawione w polu operacyjnym', 'Clinical'),
(2, 'mylna identyfikacja pacjenta', 'Clinical'),
(3, 'mylna identyfikacja procedury', 'Clinical'),
(4, 'mylna identyfikacja miejsca operowanego', 'Clinical'),
(5, 'błędna diagnoza', 'Clinical'),
(6, 'embolia płucna po zabiegu operacyjnym', 'Clinical'),
(7, 'niedostarczenie opieki', 'Clinical'),
(8, 'dostarczenie niewłaściwej opieki', 'Clinical'),
(9, 'pomyłka w podawaniu leku: nie ten lek', 'Pharmacotherapy'),
(10, 'pomyłka w podawaniu leku: niewłaściwa dawka', 'Pharmacotherapy'),
(11, 'pomyłka w podawaniu leku: niewłaściwy czas podania leku', 'Pharmacotherapy'),
(12, 'pomyłka w podawaniu leku: niewłaściwa droga podania leku', 'Pharmacotherapy'),
(13, 'pomyłka w podawaniu leku: niewłaściwy rozpuszczalnik', 'Pharmacotherapy'),
(14, 'pomyłka w podawaniu leku: podanie leku po upływie terminu ważności', 'Pharmacotherapy'),
(15, 'niepożądane działanie leku/ reakcja alergiczna', 'Pharmacotherapy'),
(16, 'niewłaściwa identyfikacja pacjenta przed przetoczeniem', 'Transfusion'),
(17, 'podanie niewłaściwej jednostki', 'Transfusion'),
(18, 'inne działania związane z przetoczeniem krwi i preparatów krwiopochodnych', 'Transfusion'),
(19, 'niewłaściwe wskazania i odstąpienie od przetoczenia', 'Transfusion'),
(20, 'awarie sprzętu', 'Operational'),
(21, 'niewłaściwa identyfikacja pacjenta', 'Operational'),
(22, 'nieodpowiednia organizacja pracy', 'Operational');

-- =============================================================================
-- INCIDENT REPORTS (200 records)
-- =============================================================================
INSERT INTO "IncidentReports" ("Id", "Name", "Surname", "Phone", "Email", "PatientName", "PatientSurname", "PatientDob", "PatientGender", "DateFrom", "DateTo", "Date", "DepartmentId", "OtherIncidentDefinition", "IncidentDescription") VALUES
(1, 'Anna', 'Kowalska', '500100101', 'anna.kowalska@email.pl', 'Jan', 'Nowak', '1985-03-15', 'Male', '2024-01-05', '2024-01-06', NULL, 1, NULL, 'Pacjent zgłosił ból w miejscu operacji po wypisie. Podczas kontroli wykryto pozostawiony gazik chirurgiczny.'),
(2, 'Piotr', 'Wiśniewski', '500100102', 'piotr.wisniewski@email.pl', 'Maria', 'Kowalczyk', '1990-07-22', 'Female', NULL, NULL, '2024-01-07 14:30:00', 2, NULL, 'Podano niewłaściwą dawkę antybiotyku dziecku - dawka dla dorosłego.'),
(3, 'Katarzyna', 'Wójcik', '500100103', 'k.wojcik@email.pl', 'Andrzej', 'Lewandowski', '1978-11-03', 'Male', '2024-01-08', '2024-01-09', NULL, 3, NULL, 'Błędna interpretacja EKG doprowadziła do opóźnienia w leczeniu zawału serca.'),
(4, 'Michał', 'Kamiński', '500100104', 'michal.kaminski@email.pl', 'Zofia', 'Dąbrowska', '1965-05-18', 'Female', NULL, NULL, '2024-01-10 09:15:00', 4, NULL, 'Pomylono pacjentkę z inną osobą przy podawaniu leków przeciwpadaczkowych.'),
(5, 'Agnieszka', 'Zielińska', '500100105', 'agnieszka.z@email.pl', 'Tomasz', 'Szymański', '1982-09-27', 'Male', '2024-01-11', '2024-01-12', NULL, 5, NULL, 'Operacja przeprowadzona na niewłaściwej kończynie - zamiast prawej operowano lewą nogę.'),
(6, 'Tomasz', 'Szymański', '500100106', 'tomasz.szymanski@email.pl', 'Ewa', 'Woźniak', '1995-02-14', 'Female', NULL, NULL, '2024-01-13 16:45:00', 6, NULL, 'Brak reakcji na zgłaszane przez pacjentkę objawy krwawienia po zabiegu.'),
(7, 'Magdalena', 'Dąbrowska', '500100107', 'm.dabrowska@email.pl', 'Krzysztof', 'Kozłowski', '1970-08-09', 'Male', '2024-01-14', '2024-01-15', NULL, 7, NULL, 'Opóźnienie w podaniu chemioterapii o 3 dni bez uzasadnienia medycznego.'),
(8, 'Robert', 'Jankowski', '500100108', 'robert.j@email.pl', 'Aleksandra', 'Jankowska', '1988-12-01', 'Female', NULL, NULL, '2024-01-16 11:00:00', 8, NULL, 'Reakcja alergiczna na lek dermatologiczny mimo informacji o alergii w dokumentacji.'),
(9, 'Ewa', 'Mazur', '500100109', 'ewa.mazur@email.pl', 'Paweł', 'Wojciechowski', '1975-04-25', 'Male', '2024-01-17', '2024-01-18', NULL, 9, NULL, 'Pacjent opuścił oddział bez nadzoru i doznał urazu.'),
(10, 'Krzysztof', 'Krawczyk', '500100110', 'k.krawczyk@email.pl', 'Monika', 'Kaczmarek', '1992-06-30', 'Female', NULL, NULL, '2024-01-19 08:30:00', 10, NULL, 'Awaria aparatu RTG podczas badania - konieczność powtórzenia ekspozycji.'),
(11, 'Joanna', 'Piotrowska', '500100111', 'joanna.p@email.pl', 'Adam', 'Grabowski', '1968-01-12', 'Male', '2024-01-20', '2024-01-21', NULL, 1, NULL, 'Infekcja pooperacyjna z powodu niesterylnych narzędzi.'),
(12, 'Adam', 'Grabowski', '500100112', 'adam.grabowski@email.pl', 'Karolina', 'Pawłowska', '1983-10-08', 'Female', NULL, NULL, '2024-01-22 13:20:00', 2, NULL, 'Pomylono próbki krwi dwóch pacjentów pediatrycznych.'),
(13, 'Monika', 'Nowakowska', '500100113', 'monika.n@email.pl', 'Marcin', 'Michalski', '1979-03-17', 'Male', '2024-01-23', '2024-01-24', NULL, 3, NULL, 'Podano lek rozrzedzający krew pacjentowi z przeciwwskazaniami.'),
(14, 'Marcin', 'Dudek', '500100114', 'marcin.dudek@email.pl', 'Barbara', 'Zając', '1956-07-04', 'Female', NULL, NULL, '2024-01-25 10:45:00', 4, NULL, 'Błędna diagnoza udaru - pacjentka miała migrenę z aurą.'),
(15, 'Barbara', 'Zając', '500100115', 'barbara.zajac@email.pl', 'Jakub', 'Król', '1991-11-29', 'Male', '2024-01-26', '2024-01-27', NULL, 5, NULL, 'Pozostawienie drenu w ranie pooperacyjnej po wypisie.'),
(16, 'Jakub', 'Adamczyk', '500100116', 'jakub.a@email.pl', 'Natalia', 'Wieczorek', '1987-05-13', 'Female', NULL, NULL, '2024-01-28 15:10:00', 6, NULL, 'Niewłaściwa identyfikacja noworodka na sali porodowej.'),
(17, 'Natalia', 'Sikora', '500100117', 'natalia.sikora@email.pl', 'Łukasz', 'Stępień', '1973-09-06', 'Male', '2024-01-29', '2024-01-30', NULL, 7, NULL, 'Podano chemioterapię niewłaściwemu pacjentowi.'),
(18, 'Łukasz', 'Baran', '500100118', 'lukasz.baran@email.pl', 'Agata', 'Górska', '1998-02-21', 'Female', NULL, NULL, '2024-01-31 12:00:00', 8, NULL, 'Oparzenie skóry podczas zabiegu laserowego.'),
(19, 'Agata', 'Szewczyk', '500100119', 'agata.s@email.pl', 'Rafał', 'Rutkowski', '1964-08-15', 'Male', '2024-02-01', '2024-02-02', NULL, 9, NULL, 'Pacjent otrzymał leki innego pacjenta o podobnym nazwisku.'),
(20, 'Rafał', 'Michalak', '500100120', 'rafal.m@email.pl', 'Paulina', 'Walczak', '1996-04-03', 'Female', NULL, NULL, '2024-02-03 09:40:00', 10, NULL, 'Błędne oznaczenie zdjęcia RTG - zamiana strony lewa/prawa.'),
(21, 'Paulina', 'Wasilewski', '500100121', 'paulina.w@email.pl', 'Grzegorz', 'Sikora', '1971-12-28', 'Male', '2024-02-04', '2024-02-05', NULL, 1, NULL, 'Upadek pacjenta z łóżka z powodu braku barierek ochronnych.'),
(22, 'Grzegorz', 'Bąk', '500100122', 'grzegorz.bak@email.pl', 'Iwona', 'Chmielewski', '1989-06-11', 'Female', NULL, NULL, '2024-02-06 14:55:00', 2, NULL, 'Przedawkowanie leku przeciwbólowego u niemowlęcia.'),
(23, 'Iwona', 'Cieślak', '500100123', 'iwona.c@email.pl', 'Dariusz', 'Włodarczyk', '1962-10-19', 'Male', '2024-02-07', '2024-02-08', NULL, 3, NULL, 'Awaria defibrylatora podczas reanimacji.'),
(24, 'Dariusz', 'Borkowski', '500100124', 'dariusz.b@email.pl', 'Sylwia', 'Kowalczyk', '1994-01-07', 'Female', NULL, NULL, '2024-02-09 11:25:00', 4, NULL, 'Opóźnienie w wykonaniu tomografii u pacjenta z podejrzeniem udaru.'),
(25, 'Sylwia', 'Marciniak', '500100125', 's.marciniak@email.pl', 'Wojciech', 'Przybylski', '1980-07-24', 'Male', '2024-02-10', '2024-02-11', NULL, 5, NULL, 'Zakażenie rany pooperacyjnej gronkowcem złocistym.'),
(26, 'Wojciech', 'Zawadzki', '500100126', 'wojciech.z@email.pl', 'Dorota', 'Sadowska', '1967-03-16', 'Female', NULL, NULL, '2024-02-12 16:30:00', 6, NULL, 'Brak monitorowania tętna płodu podczas porodu.'),
(27, 'Dorota', 'Kaczmarczyk', '500100127', 'dorota.k@email.pl', 'Artur', 'Pietrzak', '1986-09-02', 'Male', '2024-02-13', '2024-02-14', NULL, 7, NULL, 'Podanie leku przeciwwymiotnego z interakcją z chemioterapią.'),
(28, 'Artur', 'Sawicki', '500100128', 'artur.s@email.pl', 'Katarzyna', 'Wróbel', '1999-05-28', 'Female', NULL, NULL, '2024-02-15 08:15:00', 8, NULL, 'Błędna diagnoza czerniaka - okazało się znamieniem łagodnym.'),
(29, 'Marta', 'Kwiatkowska', '500100129', 'marta.k@email.pl', 'Marek', 'Kalinowski', '1958-11-14', 'Male', '2024-02-16', '2024-02-17', NULL, 9, NULL, 'Samowolne odstawienie leków przez pacjenta bez wiedzy personelu.'),
(30, 'Marek', 'Kalinowski', '500100130', 'marek.kal@email.pl', 'Renata', 'Urbańska', '1993-02-09', 'Female', NULL, NULL, '2024-02-18 13:50:00', 10, NULL, 'Uszkodzenie aparatu MRI - metalowy przedmiot w kieszeni pacjenta.'),
(31, 'Renata', 'Urbańska', '500100131', 'renata.u@email.pl', 'Sebastian', 'Brzeziński', '1976-08-31', 'Male', '2024-02-19', '2024-02-20', NULL, 1, NULL, 'Pozostawienie igły chirurgicznej w tkankach pacjenta.'),
(32, 'Sebastian', 'Jabłoński', '500100132', 'sebastian.j@email.pl', 'Małgorzata', 'Adamska', '1984-04-05', 'Female', NULL, NULL, '2024-02-21 10:05:00', 2, NULL, 'Podanie szczepionki dziecku z udokumentowaną alergią na jej składnik.'),
(33, 'Małgorzata', 'Wilk', '500100133', 'm.wilk@email.pl', 'Kamil', 'Pawlak', '1969-12-20', 'Male', '2024-02-22', '2024-02-23', NULL, 3, NULL, 'Błędne podłączenie monitora pracy serca.'),
(34, 'Kamil', 'Pawlak', '500100134', 'kamil.pawlak@email.pl', 'Justyna', 'Czarnecka', '1997-06-17', 'Female', NULL, NULL, '2024-02-24 15:40:00', 4, NULL, 'Opóźnienie w podaniu leku trombolitycznego przy udarze.'),
(35, 'Justyna', 'Czarnecka', '500100135', 'justyna.c@email.pl', 'Przemysław', 'Sokołowski', '1981-10-03', 'Male', '2024-02-25', '2024-02-26', NULL, 5, NULL, 'Uszkodzenie nerwu podczas operacji.'),
(36, 'Przemysław', 'Sokołowski', '500100136', 'przemek.s@email.pl', 'Beata', 'Maciejewska', '1960-01-26', 'Female', NULL, NULL, '2024-02-27 09:20:00', 6, NULL, 'Pominięcie badania USG w trzecim trymestrze ciąży.'),
(37, 'Beata', 'Maciejewska', '500100137', 'beata.m@email.pl', 'Norbert', 'Jaworski', '1988-07-12', 'Male', '2024-02-28', '2024-02-29', NULL, 7, NULL, 'Wyciek leku cytostatycznego podczas podawania.'),
(38, 'Norbert', 'Jaworski', '500100138', 'norbert.j@email.pl', 'Adrianna', 'Kołodziej', '1974-03-29', 'Female', NULL, NULL, '2024-03-01 12:35:00', 8, NULL, 'Zakażenie grzybicze po zabiegu dermatologicznym.'),
(39, 'Adrianna', 'Kołodziej', '500100139', 'adrianna.k@email.pl', 'Damian', 'Lis', '1995-09-08', 'Male', '2024-03-02', '2024-03-03', NULL, 9, NULL, 'Ucieczka pacjenta z oddziału zamkniętego.'),
(40, 'Damian', 'Lis', '500100140', 'damian.lis@email.pl', 'Weronika', 'Głowacka', '1963-05-21', 'Female', NULL, NULL, '2024-03-04 14:10:00', 10, NULL, 'Napromieniowanie niewłaściwego obszaru ciała.'),
(41, 'Weronika', 'Głowacka', '500100141', 'weronika.g@email.pl', 'Radosław', 'Ostrowski', '1977-11-04', 'Male', '2024-03-05', '2024-03-06', NULL, 1, NULL, 'Zakrzepica żył głębokich po operacji bez profilaktyki.'),
(42, 'Radosław', 'Ostrowski', '500100142', 'radek.o@email.pl', 'Alicja', 'Wysocka', '1991-02-18', 'Female', NULL, NULL, '2024-03-07 11:45:00', 2, NULL, 'Błędne obliczenie dawki leku dla dziecka na podstawie wagi.'),
(43, 'Alicja', 'Wysocka', '500100143', 'alicja.w@email.pl', 'Patryk', 'Stefański', '1966-08-27', 'Male', '2024-03-08', '2024-03-09', NULL, 3, NULL, 'Niewykrycie arytmii podczas rutynowego badania.'),
(44, 'Patryk', 'Stefański', '500100144', 'patryk.s@email.pl', 'Elżbieta', 'Kubiak', '1983-04-14', 'Female', NULL, NULL, '2024-03-10 08:55:00', 4, NULL, 'Pomylenie wyników badań dwóch pacjentów neurologicznych.'),
(45, 'Elżbieta', 'Kubiak', '500100145', 'elzbieta.k@email.pl', 'Mariusz', 'Czajkowski', '1972-10-01', 'Male', '2024-03-11', '2024-03-12', NULL, 5, NULL, 'Krwotok pooperacyjny wymagający reoperacji.'),
(46, 'Mariusz', 'Czajkowski', '500100146', 'mariusz.c@email.pl', 'Patrycja', 'Malinowska', '1996-06-23', 'Female', NULL, NULL, '2024-03-13 13:30:00', 6, NULL, 'Niedopatrzenie objawów stanu przedrzucawkowego.'),
(47, 'Patrycja', 'Malinowska', '500100147', 'patrycja.m@email.pl', 'Igor', 'Zakrzewski', '1959-12-06', 'Male', '2024-03-14', '2024-03-15', NULL, 7, NULL, 'Podanie za wysokiej dawki promieniowania.'),
(48, 'Igor', 'Zakrzewski', '500100148', 'igor.z@email.pl', 'Klaudia', 'Wasilewska', '1989-03-11', 'Female', NULL, NULL, '2024-03-16 16:15:00', 8, NULL, 'Reakcja fototoksyczna po zabiegu bez ostrzeżenia pacjentki.'),
(49, 'Klaudia', 'Wasilewska', '500100149', 'klaudia.w@email.pl', 'Błażej', 'Kania', '1975-09-28', 'Male', '2024-03-17', '2024-03-18', NULL, 9, NULL, 'Brak dokumentacji podanych leków psychotropowych.'),
(50, 'Błażej', 'Kania', '500100150', 'blazej.k@email.pl', 'Magdalena', 'Bednarek', '1992-05-07', 'Female', NULL, NULL, '2024-03-19 10:40:00', 10, NULL, 'Błędna kalibracja aparatu tomograficznego.'),
(51, NULL, NULL, NULL, NULL, 'Stanisław', 'Kowal', '1954-07-19', 'Male', '2024-03-20', '2024-03-21', NULL, 1, NULL, 'Zgłoszenie anonimowe - pacjent skarżył się na ból ignorowany przez personel.'),
(52, 'Teresa', 'Lisowska', '500100152', 'teresa.l@email.pl', 'Milena', 'Gajewska', '1998-01-30', 'Female', NULL, NULL, '2024-03-22 14:25:00', 2, NULL, 'Podanie antybiotyku dożylnie zamiast doustnie.'),
(53, 'Zbigniew', 'Olszewski', '500100153', 'zbigniew.o@email.pl', 'Henryk', 'Tomaszewski', '1949-06-08', 'Male', '2024-03-23', '2024-03-24', NULL, 3, NULL, 'Błędne ustawienie rozrusznika serca.'),
(54, 'Helena', 'Tomaszewska', '500100154', 'helena.t@email.pl', 'Laura', 'Janik', '1986-11-25', 'Female', NULL, NULL, '2024-03-25 09:00:00', 4, NULL, 'Opóźnienie w rozpoznaniu stwardnienia rozsianego.'),
(55, 'Zenon', 'Janik', '500100155', 'zenon.j@email.pl', 'Franciszek', 'Wójcik', '1970-04-02', 'Male', '2024-03-26', '2024-03-27', NULL, 5, NULL, 'Pozostawienie chusty chirurgicznej w jamie brzusznej.'),
(56, 'Jadwiga', 'Wróblewska', '500100156', 'jadwiga.w@email.pl', 'Wiktoria', 'Mazurek', '1993-08-16', 'Female', NULL, NULL, '2024-03-28 11:50:00', 6, NULL, 'Błędne określenie terminu porodu - niedojrzałość płodu.'),
(57, 'Bogdan', 'Mazurek', '500100157', 'bogdan.m@email.pl', 'Tadeusz', 'Krawczyk', '1957-02-28', 'Male', '2024-03-29', '2024-03-30', NULL, 7, NULL, 'Pominięcie dawki chemioterapii bez uzasadnienia.'),
(58, 'Krystyna', 'Krawczyk', '500100158', 'krystyna.k@email.pl', 'Oliwia', 'Szulc', '1999-10-11', 'Female', NULL, NULL, '2024-03-31 15:05:00', 8, NULL, 'Infekcja bakteryjna po zabiegu mezoterapii.'),
(59, 'Jerzy', 'Szulc', '500100159', 'jerzy.s@email.pl', 'Filip', 'Baranowski', '1978-05-24', 'Male', '2024-04-01', '2024-04-02', NULL, 9, NULL, 'Nieprawidłowe zastosowanie przymusu bezpośredniego.'),
(60, 'Grażyna', 'Baranowska', '500100160', 'grazyna.b@email.pl', 'Nikola', 'Laskowska', '1987-12-09', 'Female', NULL, NULL, '2024-04-03 08:20:00', 10, NULL, 'Prześwietlenie wykonane bez osłony na tarczycę.'),
(61, 'Andrzej', 'Laskowski', '500100161', 'andrzej.l@email.pl', 'Konrad', 'Bielecki', '1965-06-13', 'Male', '2024-04-04', '2024-04-05', NULL, 1, NULL, 'Zapalenie płuc szpitalne po operacji ortopedycznej.'),
(62, 'Danuta', 'Bielecka', '500100162', 'danuta.b@email.pl', 'Lena', 'Szymczak', '1994-01-27', 'Female', NULL, NULL, '2024-04-06 12:45:00', 2, NULL, 'Pomylenie ampułek - podano inny lek niż zamierzony.'),
(63, 'Ryszard', 'Szymczak', '500100163', 'ryszard.sz@email.pl', 'Oskar', 'Wrona', '1973-07-05', 'Male', '2024-04-07', '2024-04-08', NULL, 3, NULL, 'Niedokładne monitorowanie ciśnienia podczas zabiegu.'),
(64, 'Bożena', 'Wrona', '500100164', 'bozena.w@email.pl', 'Zuzanna', 'Dudek', '1990-03-19', 'Female', NULL, NULL, '2024-04-09 14:00:00', 4, NULL, 'Błędna interpretacja wyników punkcji lędźwiowej.'),
(65, 'Tadeusz', 'Kowal', '500100165', 'tadeusz.k@email.pl', 'Mateusz', 'Piotrowski', '1982-09-22', 'Male', '2024-04-10', '2024-04-11', NULL, 5, NULL, 'Perforacja jelita podczas operacji laparoskopowej.'),
(66, 'Halina', 'Piotrowska', '500100166', 'halina.p@email.pl', 'Hanna', 'Kubik', '1961-05-06', 'Female', NULL, NULL, '2024-04-12 09:35:00', 6, NULL, 'Opóźnione cesarskie cięcie mimo wskazań.'),
(67, 'Leon', 'Kubik', '500100167', 'leon.k@email.pl', 'Bruno', 'Kaźmierczak', '1976-11-18', 'Male', '2024-04-13', '2024-04-14', NULL, 7, NULL, 'Błędne oznaczenie stadium nowotworu.'),
(68, 'Urszula', 'Kaźmierczak', '500100168', 'urszula.k@email.pl', 'Sara', 'Majewska', '1997-04-01', 'Female', NULL, NULL, '2024-04-15 11:10:00', 8, NULL, 'Pęknięcie naczynia krwionośnego podczas zabiegu.'),
(69, 'Stefan', 'Majewski', '500100169', 'stefan.m@email.pl', 'Nikodem', 'Cieślak', '1968-10-14', 'Male', '2024-04-16', '2024-04-17', NULL, 9, NULL, 'Brak nadzoru nad pacjentem z myślami samobójczymi.'),
(70, 'Wanda', 'Cieślakowa', '500100170', 'wanda.c@email.pl', 'Kinga', 'Borkowska', '1985-06-29', 'Female', NULL, NULL, '2024-04-18 15:55:00', 10, NULL, 'Uszkodzenie cewnika podczas badania kontrastowego.'),
(71, 'Eugeniusz', 'Borkowski', '500100171', 'eugeniusz.b@email.pl', 'Adrian', 'Wieczorek', '1971-02-11', 'Male', '2024-04-19', '2024-04-20', NULL, 1, NULL, 'Złamanie implantu ortopedycznego po operacji.'),
(72, 'Aleksandra', 'Wieczorkowa', '500100172', 'aleksandra.w@email.pl', 'Julia', 'Górska', '1988-08-04', 'Female', NULL, NULL, '2024-04-21 08:40:00', 2, NULL, 'Reakcja anafilaktyczna na środek kontrastowy u dziecka.'),
(73, 'Kazimierz', 'Górski', '500100173', 'kazimierz.g@email.pl', 'Bartosz', 'Witkowski', '1963-12-23', 'Male', '2024-04-22', '2024-04-23', NULL, 3, NULL, 'Nierozpoznana tamponada serca.'),
(74, 'Genowefa', 'Witkowska', '500100174', 'genowefa.w@email.pl', 'Amelia', 'Rutkowska', '1996-03-08', 'Female', NULL, NULL, '2024-04-24 13:15:00', 4, NULL, 'Pominięcie badania neurologicznego przy przyjęciu.'),
(75, 'Władysław', 'Rutkowski', '500100175', 'wladyslaw.r@email.pl', 'Dominik', 'Michalak', '1979-09-30', 'Male', '2024-04-25', '2024-04-26', NULL, 5, NULL, 'Zator powietrzny podczas operacji.'),
(76, 'Leokadia', 'Michalakowa', '500100176', 'leokadia.m@email.pl', 'Nadia', 'Bąk', '1992-05-15', 'Female', NULL, NULL, '2024-04-27 10:25:00', 6, NULL, 'Nieprawidłowe zszycie po cesarskim cięciu.'),
(77, 'Czesław', 'Bąk', '500100177', 'czeslaw.b@email.pl', 'Eryk', 'Kwiatkowski', '1955-11-07', 'Male', '2024-04-28', '2024-04-29', NULL, 7, NULL, 'Opóźnienie w rozpoczęciu radioterapii.'),
(78, 'Stanisława', 'Kwiatkowska', '500100178', 'stanislawa.k@email.pl', 'Martyna', 'Nowak', '1989-01-22', 'Female', NULL, NULL, '2024-04-30 14:50:00', 8, NULL, 'Pigmentacja skóry po nieodpowiednim leczeniu.'),
(79, 'Zygmunt', 'Nowak', '500100179', 'zygmunt.n@email.pl', 'Szymon', 'Kowalczyk', '1974-07-16', 'Male', '2024-05-01', '2024-05-02', NULL, 9, NULL, 'Błędna ocena ryzyka samookaleczeń.'),
(80, 'Irena', 'Kowalczykowa', '500100180', 'irena.k@email.pl', 'Kornelia', 'Lewandowska', '1983-03-03', 'Female', NULL, NULL, '2024-05-03 09:05:00', 10, NULL, 'Ekspozycja na promieniowanie personelu i pacjenta.'),
(81, NULL, NULL, NULL, NULL, 'Wiktor', 'Dąbrowski', '1966-09-26', 'Male', '2024-05-04', '2024-05-05', NULL, 1, 'Zdarzenie dotyczące transportu pacjenta', 'Anonimowe zgłoszenie - upadek pacjenta podczas transportu na wózku.'),
(82, 'Jan', 'Dąbrowski', '500100182', 'jan.d@email.pl', 'Gabriela', 'Szymańska', '1991-05-09', 'Female', NULL, NULL, '2024-05-06 12:20:00', 2, NULL, 'Niewłaściwe przechowywanie szczepionki - utrata skuteczności.'),
(83, 'Zofia', 'Szymańska', '500100183', 'zofia.sz@email.pl', 'Hubert', 'Woźniak', '1977-11-21', 'Male', '2024-05-07', '2024-05-08', NULL, 3, NULL, 'Awaria pompy infuzyjnej podczas podawania leków.'),
(84, 'Antoni', 'Woźniak', '500100184', 'antoni.w@email.pl', 'Maja', 'Kozłowska', '1994-04-14', 'Female', NULL, NULL, '2024-05-09 15:35:00', 4, NULL, 'Pominięcie kontrolnego EEG u pacjenta z padaczką.'),
(85, 'Maria', 'Kozłowska', '500100185', 'maria.k@email.pl', 'Alan', 'Jankowski', '1969-08-07', 'Male', '2024-05-10', '2024-05-11', NULL, 5, NULL, 'Niezamierzone uszkodzenie pęcherza podczas operacji.'),
(86, 'Henryk', 'Jankowski', '500100186', 'henryk.j@email.pl', 'Lidia', 'Mazur', '1986-02-19', 'Female', NULL, NULL, '2024-05-12 08:50:00', 6, NULL, 'Niedopatrzenie infekcji wewnątrzmacicznej.'),
(87, 'Franciszka', 'Mazur', '500100187', 'franciszka.m@email.pl', 'Karol', 'Krawczyk', '1973-10-02', 'Male', '2024-05-13', '2024-05-14', NULL, 7, NULL, 'Błąd w dokumentacji onkologicznej - zły typ nowotworu.'),
(88, 'Józef', 'Krawczyk', '500100188', 'jozef.k@email.pl', 'Antonina', 'Piotrowska', '1998-06-25', 'Female', NULL, NULL, '2024-05-15 11:40:00', 8, NULL, 'Alergiczna reakcja na plastry medyczne.'),
(89, 'Lucyna', 'Piotrowska', '500100189', 'lucyna.p@email.pl', 'Cezary', 'Grabowski', '1962-12-10', 'Male', '2024-05-16', '2024-05-17', NULL, 9, NULL, 'Nieodpowiednia dawka leku uspokajającego.'),
(90, 'Roman', 'Grabowski', '500100190', 'roman.g@email.pl', 'Iga', 'Pawłowska', '1984-03-28', 'Female', NULL, NULL, '2024-05-18 14:05:00', 10, NULL, 'Błędne opisanie zdjęcia mammograficznego.'),
(91, 'Wiesława', 'Pawłowska', '500100191', 'wieslawa.p@email.pl', 'Emil', 'Michalski', '1975-09-13', 'Male', '2024-05-19', '2024-05-20', NULL, 1, NULL, 'Opóźniona rehabilitacja pooperacyjna.'),
(92, 'Edward', 'Michalski', '500100192', 'edward.m@email.pl', 'Aurelia', 'Zając', '1990-05-01', 'Female', NULL, NULL, '2024-05-21 10:15:00', 2, NULL, 'Podanie kroplówki z niewłaściwą prędkością.'),
(93, 'Janina', 'Zając', '500100193', 'janina.z@email.pl', 'Olgierd', 'Król', '1967-11-24', 'Male', '2024-05-22', '2024-05-23', NULL, 3, NULL, 'Błędne programowanie stymulatora serca.'),
(94, 'Bogusław', 'Król', '500100194', 'boguslaw.k@email.pl', 'Wioletta', 'Adamczyk', '1996-02-06', 'Female', NULL, NULL, '2024-05-24 13:30:00', 4, NULL, 'Nierozpoznanie zespołu Guillaina-Barrégo.'),
(95, 'Mirosława', 'Adamczyk', '500100195', 'miroslawa.a@email.pl', 'Robert', 'Sikora', '1978-07-19', 'Male', '2024-05-25', '2024-05-26', NULL, 5, NULL, 'Zakażenie miejsca operowanego bakterią wielolekooporną.'),
(96, 'Waldemar', 'Sikora', '500100196', 'waldemar.s@email.pl', 'Daria', 'Baran', '1987-01-12', 'Female', NULL, NULL, '2024-05-27 09:45:00', 6, NULL, 'Brak kontroli po poronie - powikłania.'),
(97, 'Aniela', 'Baran', '500100197', 'aniela.b@email.pl', 'Witold', 'Szewczyk', '1964-08-05', 'Male', '2024-05-28', '2024-05-29', NULL, 7, NULL, 'Przerwanie leczenia bez zgody pacjenta.'),
(98, 'Mieczysław', 'Szewczyk', '500100198', 'mieczyslaw.sz@email.pl', 'Blanka', 'Michalak', '1993-04-18', 'Female', NULL, NULL, '2024-05-30 15:10:00', 8, NULL, 'Nieodpowiednia higiena podczas zabiegu.'),
(99, 'Eleonora', 'Michalak', '500100199', 'eleonora.m@email.pl', 'Arkadiusz', 'Wasilewski', '1971-10-31', 'Male', '2024-05-31', '2024-06-01', NULL, 9, NULL, 'Brak reakcji na objawy zatrucia lekami.'),
(100, 'Władysława', 'Wasilewska', '500100200', 'wladyslawa.w@email.pl', 'Michalina', 'Bąk', '1989-06-14', 'Female', NULL, NULL, '2024-06-02 08:25:00', 10, NULL, 'Uszkodzenie naczyń krwionośnych podczas biopsji.'),
(101, 'Bronisław', 'Bąk', '500100201', 'bronislaw.b@email.pl', 'Jeremi', 'Cieślak', '1959-12-27', 'Male', '2024-06-03', '2024-06-04', NULL, 1, NULL, 'Przemieszczenie protezy stawu biodrowego.'),
(102, 'Marianna', 'Cieślak', '500100202', 'marianna.c@email.pl', 'Alina', 'Borkowski', '1982-03-10', 'Female', NULL, NULL, '2024-06-05 12:00:00', 2, NULL, 'Reakcja poszczepinna nieodnotowana w dokumentacji.'),
(103, 'Florian', 'Borkowski', '500100203', 'florian.b@email.pl', 'Teodor', 'Marciniak', '1975-09-03', 'Male', '2024-06-06', '2024-06-07', NULL, 3, NULL, 'Błędna interpretacja angiografii.'),
(104, 'Rozalia', 'Marciniak', '500100204', 'rozalia.m@email.pl', 'Wanda', 'Zawadzki', '1968-05-26', 'Female', NULL, NULL, '2024-06-08 14:35:00', 4, NULL, 'Opóźnione rozpoznanie guza mózgu.'),
(105, 'Feliks', 'Zawadzki', '500100205', 'feliks.z@email.pl', 'Rafał', 'Kaczmarczyk', '1991-11-08', 'Male', '2024-06-09', '2024-06-10', NULL, 5, NULL, 'Niezamierzone usunięcie zdrowej tkanki.'),
(106, 'Apolonia', 'Kaczmarczyk', '500100206', 'apolonia.k@email.pl', 'Celina', 'Sawicki', '1984-02-21', 'Female', NULL, NULL, '2024-06-11 09:50:00', 6, NULL, 'Pominięcie testu na cukrzycę ciążową.'),
(107, 'Klemens', 'Sawicki', '500100207', 'klemens.s@email.pl', 'Bogumił', 'Kwiatkowski', '1966-08-14', 'Male', '2024-06-12', '2024-06-13', NULL, 7, NULL, 'Błędna kwalifikacja do chemioterapii.'),
(108, 'Pelagia', 'Kwiatkowska', '500100208', 'pelagia.k@email.pl', 'Lea', 'Kalinowski', '1997-04-07', 'Female', NULL, NULL, '2024-06-14 11:20:00', 8, NULL, 'Uszkodzenie skóry podczas krioterapii.'),
(109, 'Sylwester', 'Kalinowski', '500100209', 'sylwester.k@email.pl', 'Gustaw', 'Urbańska', '1972-10-20', 'Male', '2024-06-15', '2024-06-16', NULL, 9, NULL, 'Nieodpowiednia terapia elektrowstrząsowa.'),
(110, 'Tekla', 'Urbańska', '500100210', 'tekla.u@email.pl', 'Rozalia', 'Brzeziński', '1988-06-02', 'Female', NULL, NULL, '2024-06-17 15:40:00', 10, NULL, 'Błąd w protokole radiologii.'),
(111, NULL, NULL, NULL, NULL, 'Seweryn', 'Jabłoński', '1963-12-15', 'Male', '2024-06-18', '2024-06-19', NULL, 1, 'Zdarzenie dotyczące dokumentacji', 'Anonimowe zgłoszenie - zgubienie dokumentacji medycznej pacjenta.'),
(112, 'Anatol', 'Jabłoński', '500100212', 'anatol.j@email.pl', 'Czesława', 'Wilk', '1979-03-28', 'Female', NULL, NULL, '2024-06-20 08:10:00', 2, NULL, 'Podanie leku przeciwgorączkowego bez kontroli temperatury.'),
(113, 'Honorata', 'Wilk', '500100213', 'honorata.w@email.pl', 'Korneliusz', 'Pawlak', '1956-09-10', 'Male', '2024-06-21', '2024-06-22', NULL, 3, NULL, 'Awaria aparatu do echokardiografii.'),
(114, 'Bernard', 'Pawlak', '500100214', 'bernard.p@email.pl', 'Felicja', 'Czarnecka', '1992-05-23', 'Female', NULL, NULL, '2024-06-23 12:55:00', 4, NULL, 'Nierozpoznanie zespołu cieśni nadgarstka.'),
(115, 'Konstancja', 'Czarnecka', '500100215', 'konstancja.c@email.pl', 'Leonard', 'Sokołowski', '1976-11-06', 'Male', '2024-06-24', '2024-06-25', NULL, 5, NULL, 'Uszkodzenie naczynia krwionośnego podczas operacji.'),
(116, 'Ambroży', 'Sokołowski', '500100216', 'ambrozy.s@email.pl', 'Gertruda', 'Maciejewska', '1985-02-18', 'Female', NULL, NULL, '2024-06-26 14:25:00', 6, NULL, 'Błędne oznaczenie grupy krwi ciężarnej.'),
(117, 'Jadwiga', 'Maciejewska', '500100217', 'jadwiga.m@email.pl', 'Fabian', 'Jaworski', '1969-08-01', 'Male', '2024-06-27', '2024-06-28', NULL, 7, NULL, 'Nieodpowiednie monitorowanie działań niepożądanych chemii.'),
(118, 'Maurycy', 'Jaworski', '500100218', 'maurycy.j@email.pl', 'Izabela', 'Kołodziej', '1993-04-13', 'Female', NULL, NULL, '2024-06-29 09:30:00', 8, NULL, 'Infekcja po zabiegu dermatochirurgicznym.'),
(119, 'Sławomira', 'Kołodziej', '500100219', 'slawomira.k@email.pl', 'Walerian', 'Lis', '1981-10-26', 'Male', '2024-06-30', '2024-07-01', NULL, 9, NULL, 'Przedawkowanie leków nasennych.'),
(120, 'Gracjan', 'Lis', '500100220', 'gracjan.l@email.pl', 'Ludmiła', 'Głowacka', '1974-06-09', 'Female', NULL, NULL, '2024-07-02 13:05:00', 10, NULL, 'Niewłaściwe pozycjonowanie podczas tomografii.'),
(121, 'Ludmiła', 'Głowacka', '500100221', 'ludmila.g@email.pl', 'Augustyn', 'Ostrowski', '1965-12-22', 'Male', '2024-07-03', '2024-07-04', NULL, 1, NULL, 'Opóźnienie w leczeniu złamania otwartego.'),
(122, 'Augustyn', 'Ostrowski', '500100222', 'augustyn.o@email.pl', 'Sabina', 'Wysocka', '1987-03-05', 'Female', NULL, NULL, '2024-07-05 10:45:00', 2, NULL, 'Błędne podanie insuliny dziecku bez cukrzycy.'),
(123, 'Sabina', 'Wysocka', '500100223', 'sabina.w@email.pl', 'Baltazar', 'Stefański', '1978-09-17', 'Male', '2024-07-06', '2024-07-07', NULL, 3, NULL, 'Niedokładne monitorowanie podczas koronarografii.'),
(124, 'Baltazar', 'Stefański', '500100224', 'baltazar.s@email.pl', 'Celestyna', 'Kubiak', '1991-05-30', 'Female', NULL, NULL, '2024-07-08 15:15:00', 4, NULL, 'Pominięcie objawów zapalenia opon mózgowych.'),
(125, 'Celestyna', 'Kubiak', '500100225', 'celestyna.k@email.pl', 'Dezyderiusz', 'Czajkowski', '1962-11-12', 'Male', '2024-07-09', '2024-07-10', NULL, 5, NULL, 'Pozostawienie ciała obcego w ranie.'),
(126, 'Dezyderiusz', 'Czajkowski', '500100226', 'dezyderiusz.c@email.pl', 'Ernestyna', 'Malinowska', '1984-02-24', 'Female', NULL, NULL, '2024-07-11 08:35:00', 6, NULL, 'Niewykrycie ciąży bliźniaczej podczas USG.'),
(127, 'Ernestyna', 'Malinowska', '500100227', 'ernestyna.m@email.pl', 'Fryderyk', 'Zakrzewski', '1973-08-07', 'Male', '2024-07-12', '2024-07-13', NULL, 7, NULL, 'Błąd w dawkowaniu promieniowania.'),
(128, 'Fryderyk', 'Zakrzewski', '500100228', 'fryderyk.z@email.pl', 'Gizela', 'Wasilewska', '1995-04-19', 'Female', NULL, NULL, '2024-07-14 12:10:00', 8, NULL, 'Nieodpowiednia reakcja na obrzęk po zabiegu.'),
(129, 'Gizela', 'Wasilewska', '500100229', 'gizela.w@email.pl', 'Hieronim', 'Kania', '1966-10-01', 'Male', '2024-07-15', '2024-07-16', NULL, 9, NULL, 'Brak nadzoru przy podawaniu leków.'),
(130, 'Hieronim', 'Kania', '500100230', 'hieronim.k@email.pl', 'Izolda', 'Bednarek', '1989-06-14', 'Female', NULL, NULL, '2024-07-17 14:50:00', 10, NULL, 'Błędna interpretacja wyników biopsji.'),
(131, 'Izolda', 'Bednarek', '500100231', 'izolda.b@email.pl', 'Justyn', 'Lisowska', '1957-12-27', 'Male', '2024-07-18', '2024-07-19', NULL, 1, NULL, 'Zakażenie stawu po artroskopii.'),
(132, 'Justyn', 'Lisowski', '500100232', 'justyn.l@email.pl', 'Klara', 'Olszewski', '1980-03-10', 'Female', NULL, NULL, '2024-07-20 09:15:00', 2, NULL, 'Podanie leku doustnego dożylnie.'),
(133, 'Klara', 'Olszewska', '500100233', 'klara.o@email.pl', 'Ludomir', 'Tomaszewski', '1971-09-02', 'Male', '2024-07-21', '2024-07-22', NULL, 3, NULL, 'Awaria aparatu do holtera.'),
(134, 'Ludomir', 'Tomaszewski', '500100234', 'ludomir.t@email.pl', 'Melania', 'Janik', '1993-05-15', 'Female', NULL, NULL, '2024-07-23 11:55:00', 4, NULL, 'Nierozpoznanie neuropatii cukrzycowej.'),
(135, 'Melania', 'Janik', '500100235', 'melania.j@email.pl', 'Narcyz', 'Wójcik', '1964-11-28', 'Male', '2024-07-24', '2024-07-25', NULL, 5, NULL, 'Uszkodzenie moczowodu podczas operacji.'),
(136, 'Narcyz', 'Wójcik', '500100236', 'narcyz.w@email.pl', 'Olimpia', 'Mazurek', '1986-02-10', 'Female', NULL, NULL, '2024-07-26 15:25:00', 6, NULL, 'Błędne rozpoznanie płci płodu.'),
(137, 'Olimpia', 'Mazurek', '500100237', 'olimpia.m@email.pl', 'Prokop', 'Krawczyk', '1977-08-23', 'Male', '2024-07-27', '2024-07-28', NULL, 7, NULL, 'Pominięcie badań kontrolnych po chemioterapii.'),
(138, 'Prokop', 'Krawczyk', '500100238', 'prokop.k@email.pl', 'Regina', 'Szulc', '1990-04-05', 'Female', NULL, NULL, '2024-07-29 08:40:00', 8, NULL, 'Nieodpowiednia sterylizacja narzędzi.'),
(139, 'Regina', 'Szulc', '500100239', 'regina.sz@email.pl', 'Sylwan', 'Baranowski', '1968-10-18', 'Male', '2024-07-30', '2024-07-31', NULL, 9, NULL, 'Błędna diagnoza schizofrenii.'),
(140, 'Sylwan', 'Baranowski', '500100240', 'sylwan.b@email.pl', 'Tekla', 'Laskowska', '1983-06-01', 'Female', NULL, NULL, '2024-08-01 12:30:00', 10, NULL, 'Uszkodzenie sprzętu podczas badania.'),
(141, NULL, NULL, NULL, NULL, 'Urban', 'Bielecki', '1975-12-13', 'Male', '2024-08-02', '2024-08-03', NULL, 1, 'Problem z komunikacją', 'Anonimowe zgłoszenie - personel nie informował rodziny o stanie pacjenta.'),
(142, 'Urban', 'Bielecki', '500100242', 'urban.b@email.pl', 'Wincenta', 'Szymczak', '1994-03-26', 'Female', NULL, NULL, '2024-08-04 14:00:00', 2, NULL, 'Przedawkowanie paracetamolu u niemowlęcia.'),
(143, 'Wincenta', 'Szymczak', '500100243', 'wincenta.sz@email.pl', 'Zenobiusz', 'Wrona', '1961-09-08', 'Male', '2024-08-05', '2024-08-06', NULL, 3, NULL, 'Niewłaściwe podłączenie elektrody EKG.'),
(144, 'Zenobiusz', 'Wrona', '500100244', 'zenobiusz.w@email.pl', 'Adriana', 'Dudek', '1987-05-21', 'Female', NULL, NULL, '2024-08-07 09:55:00', 4, NULL, 'Opóźnione rozpoznanie stwardnienia zanikowego.'),
(145, 'Adriana', 'Dudek', '500100245', 'adriana.d@email.pl', 'Benedykt', 'Piotrowski', '1979-11-03', 'Male', '2024-08-08', '2024-08-09', NULL, 5, NULL, 'Perforacja przełyku podczas endoskopii.'),
(146, 'Benedykt', 'Piotrowski', '500100246', 'benedykt.p@email.pl', 'Czesława', 'Kubik', '1992-02-15', 'Female', NULL, NULL, '2024-08-10 11:25:00', 6, NULL, 'Niewykrycie nieprawidłowości chromosomowych.'),
(147, 'Czesława', 'Kubik', '500100247', 'czeslawa.k@email.pl', 'Damazy', 'Kaźmierczak', '1965-08-28', 'Male', '2024-08-11', '2024-08-12', NULL, 7, NULL, 'Błąd w klasyfikacji histopatologicznej.'),
(148, 'Damazy', 'Kaźmierczak', '500100248', 'damazy.k@email.pl', 'Eugenia', 'Majewska', '1988-04-10', 'Female', NULL, NULL, '2024-08-13 15:45:00', 8, NULL, 'Reakcja alergiczna na środek znieczulający.'),
(149, 'Eugenia', 'Majewska', '500100249', 'eugenia.m@email.pl', 'Florentyn', 'Cieślak', '1970-10-23', 'Male', '2024-08-14', '2024-08-15', NULL, 9, NULL, 'Nieodpowiednie stosowanie leków przeciwpsychotycznych.'),
(150, 'Florentyn', 'Cieślak', '500100250', 'florentyn.c@email.pl', 'Gracja', 'Borkowska', '1996-06-05', 'Female', NULL, NULL, '2024-08-16 08:15:00', 10, NULL, 'Ekspozycja ciężarnej na promieniowanie.'),
(151, 'Gracja', 'Borkowska', '500100251', 'gracja.b@email.pl', 'Henryk', 'Wieczorek', '1963-12-18', 'Male', '2024-08-17', '2024-08-18', NULL, 1, NULL, 'Zator tłuszczowy po złamaniu kości długiej.'),
(152, 'Henryk', 'Wieczorek', '500100252', 'henryk.w@email.pl', 'Irmina', 'Górska', '1985-03-01', 'Female', NULL, NULL, '2024-08-19 12:50:00', 2, NULL, 'Pomylenie leków o podobnych nazwach.'),
(153, 'Irmina', 'Górska', '500100253', 'irmina.g@email.pl', 'Jacenty', 'Witkowski', '1977-09-13', 'Male', '2024-08-20', '2024-08-21', NULL, 3, NULL, 'Niewłaściwe pozycjonowanie cewnika centralnego.'),
(154, 'Jacenty', 'Witkowski', '500100254', 'jacenty.w@email.pl', 'Kornelia', 'Rutkowska', '1990-05-26', 'Female', NULL, NULL, '2024-08-22 14:20:00', 4, NULL, 'Pominięcie objawów wodogłowia.'),
(155, 'Kornelia', 'Rutkowska', '500100255', 'kornelia.r@email.pl', 'Lambert', 'Michalak', '1958-11-08', 'Male', '2024-08-23', '2024-08-24', NULL, 5, NULL, 'Uszkodzenie naczynie żylnego podczas operacji.'),
(156, 'Lambert', 'Michalak', '500100256', 'lambert.m@email.pl', 'Marcela', 'Bąk', '1981-02-20', 'Female', NULL, NULL, '2024-08-25 09:05:00', 6, NULL, 'Błąd w interpretacji kardiotokografii.'),
(157, 'Marcela', 'Bąk', '500100257', 'marcela.b@email.pl', 'Natan', 'Kwiatkowski', '1973-08-03', 'Male', '2024-08-26', '2024-08-27', NULL, 7, NULL, 'Nieodpowiednia opieka paliatywna.'),
(158, 'Natan', 'Kwiatkowski', '500100258', 'natan.k@email.pl', 'Otylia', 'Nowak', '1994-04-15', 'Female', NULL, NULL, '2024-08-28 11:35:00', 8, NULL, 'Zakażenie po biopsji skóry.'),
(159, 'Otylia', 'Nowak', '500100259', 'otylia.n@email.pl', 'Piotr', 'Kowalczyk', '1966-10-28', 'Male', '2024-08-29', '2024-08-30', NULL, 9, NULL, 'Błędna ocena zdolności do czynności prawnych.'),
(160, 'Piotr', 'Kowalczyk', '500100260', 'piotr.kowal@email.pl', 'Rufina', 'Lewandowska', '1989-06-10', 'Female', NULL, NULL, '2024-08-31 15:00:00', 10, NULL, 'Awaria systemu archiwizacji obrazów.'),
(161, 'Rufina', 'Lewandowska', '500100261', 'rufina.l@email.pl', 'Stefan', 'Dąbrowski', '1975-12-23', 'Male', '2024-09-01', '2024-09-02', NULL, 1, NULL, 'Niewłaściwa technika implantacji protezy.'),
(162, 'Stefan', 'Dąbrowski', '500100262', 'stefan.d@email.pl', 'Teodora', 'Szymańska', '1987-03-06', 'Female', NULL, NULL, '2024-09-03 08:45:00', 2, NULL, 'Reakcja niepożądana na żywienie pozajelitowe.'),
(163, 'Teodora', 'Szymańska', '500100263', 'teodora.sz@email.pl', 'Ursyn', 'Woźniak', '1962-09-18', 'Male', '2024-09-04', '2024-09-05', NULL, 3, NULL, 'Błędne rozpoznanie tętniaka aorty.'),
(164, 'Ursyn', 'Woźniak', '500100264', 'ursyn.w@email.pl', 'Wioleta', 'Kozłowska', '1984-05-01', 'Female', NULL, NULL, '2024-09-06 12:15:00', 4, NULL, 'Opóźnienie w leczeniu zapalenia nerwu wzrokowego.'),
(165, 'Wioleta', 'Kozłowska', '500100265', 'wioleta.k@email.pl', 'Zenon', 'Jankowski', '1976-11-13', 'Male', '2024-09-07', '2024-09-08', NULL, 5, NULL, 'Pozostawienie tamponu chirurgicznego.'),
(166, 'Zenon', 'Jankowski', '500100266', 'zenon.j@email.pl', 'Agnieszka', 'Mazur', '1991-02-25', 'Female', NULL, NULL, '2024-09-09 14:40:00', 6, NULL, 'Niedopatrzenie przedwczesnego pęknięcia błon.'),
(167, 'Agnieszka', 'Mazur', '500100267', 'agnieszka.maz@email.pl', 'Bogumił', 'Krawczyk', '1969-08-08', 'Male', '2024-09-10', '2024-09-11', NULL, 7, NULL, 'Błędna ocena odpowiedzi na leczenie.'),
(168, 'Bogumił', 'Krawczyk', '500100268', 'bogumil.k@email.pl', 'Cecylia', 'Piotrowska', '1993-04-20', 'Female', NULL, NULL, '2024-09-12 09:25:00', 8, NULL, 'Uszkodzenie skóry podczas peelingu chemicznego.'),
(169, 'Cecylia', 'Piotrowska', '500100269', 'cecylia.p@email.pl', 'Dominik', 'Grabowski', '1964-10-03', 'Male', '2024-09-13', '2024-09-14', NULL, 9, NULL, 'Nieodpowiednia terapia zajęciowa.'),
(170, 'Dominik', 'Grabowski', '500100270', 'dominik.g@email.pl', 'Edyta', 'Pawłowska', '1986-06-15', 'Female', NULL, NULL, '2024-09-15 11:55:00', 10, NULL, 'Błędne oznaczenie lokalizacji zmiany.'),
(171, NULL, NULL, NULL, NULL, 'Felicjan', 'Michalski', '1978-12-28', 'Male', '2024-09-16', '2024-09-17', NULL, 1, 'Problem z higieną', 'Anonimowe zgłoszenie - brak zachowania zasad higieny rąk przez personel.'),
(172, 'Felicjan', 'Michalski', '500100272', 'felicjan.m@email.pl', 'Gerarda', 'Zając', '1989-03-11', 'Female', NULL, NULL, '2024-09-18 15:30:00', 2, NULL, 'Podanie antybiotyku mimo znanej oporności.'),
(173, 'Gerarda', 'Zając', '500100273', 'gerarda.z@email.pl', 'Herbert', 'Król', '1961-09-23', 'Male', '2024-09-19', '2024-09-20', NULL, 3, NULL, 'Niewłaściwe ustawienie pompy insulinowej.'),
(174, 'Herbert', 'Król', '500100274', 'herbert.k@email.pl', 'Ilona', 'Adamczyk', '1982-05-06', 'Female', NULL, NULL, '2024-09-21 08:10:00', 4, NULL, 'Pominięcie kontrolnego badania MRI.'),
(175, 'Ilona', 'Adamczyk', '500100275', 'ilona.a@email.pl', 'Jaromir', 'Sikora', '1974-11-18', 'Male', '2024-09-22', '2024-09-23', NULL, 5, NULL, 'Zakażenie rany po appendektomii.'),
(176, 'Jaromir', 'Sikora', '500100276', 'jaromir.s@email.pl', 'Kira', 'Baran', '1996-02-01', 'Female', NULL, NULL, '2024-09-24 12:40:00', 6, NULL, 'Błędne określenie wieku ciążowego.'),
(177, 'Kira', 'Baran', '500100277', 'kira.b@email.pl', 'Leokadiusz', 'Szewczyk', '1965-08-13', 'Male', '2024-09-25', '2024-09-26', NULL, 7, NULL, 'Nieprawidłowe przechowywanie leku cytostatycznego.'),
(178, 'Leokadiusz', 'Szewczyk', '500100278', 'leokadiusz.sz@email.pl', 'Milada', 'Michalak', '1988-04-26', 'Female', NULL, NULL, '2024-09-27 14:05:00', 8, NULL, 'Nieodpowiednia reakcja na zakażenie po zabiegu.'),
(179, 'Milada', 'Michalak', '500100279', 'milada.m@email.pl', 'Norbert', 'Wasilewski', '1970-10-08', 'Male', '2024-09-28', '2024-09-29', NULL, 9, NULL, 'Błędna diagnoza zaburzenia osobowości.'),
(180, 'Norbert', 'Wasilewski', '500100280', 'norbert.w@email.pl', 'Olimpia', 'Bąk', '1993-06-21', 'Female', NULL, NULL, '2024-09-30 09:35:00', 10, NULL, 'Uszkodzenie filmu RTG przy wywoływaniu.'),
(181, 'Olimpia', 'Bąk', '500100281', 'olimpia.b@email.pl', 'Patrycjusz', 'Cieślak', '1959-12-03', 'Male', '2024-10-01', '2024-10-02', NULL, 1, NULL, 'Opóźniona reakcja na komplikacje pooperacyjne.'),
(182, 'Patrycjusz', 'Cieślak', '500100282', 'patrycjusz.c@email.pl', 'Renata', 'Borkowski', '1981-03-16', 'Female', NULL, NULL, '2024-10-03 11:10:00', 2, NULL, 'Błędne podłączenie kroplówki.'),
(183, 'Renata', 'Borkowski', '500100283', 'renata.b@email.pl', 'Sobiesław', 'Marciniak', '1972-09-28', 'Male', '2024-10-04', '2024-10-05', NULL, 3, NULL, 'Nierozpoznanie zapalenia osierdzia.'),
(184, 'Sobiesław', 'Marciniak', '500100284', 'sobieslaw.m@email.pl', 'Tekla', 'Zawadzki', '1994-05-11', 'Female', NULL, NULL, '2024-10-06 15:50:00', 4, NULL, 'Pominięcie badania płynu mózgowo-rdzeniowego.'),
(185, 'Tekla', 'Zawadzki', '500100285', 'tekla.z@email.pl', 'Ulryk', 'Kaczmarczyk', '1963-11-23', 'Male', '2024-10-07', '2024-10-08', NULL, 5, NULL, 'Uszkodzenie śledziony podczas operacji.'),
(186, 'Ulryk', 'Kaczmarczyk', '500100286', 'ulryk.k@email.pl', 'Wirginia', 'Sawicki', '1985-02-04', 'Female', NULL, NULL, '2024-10-09 08:25:00', 6, NULL, 'Niewykrycie nieprawidłowego położenia płodu.'),
(187, 'Wirginia', 'Sawicki', '500100287', 'wirginia.s@email.pl', 'Zachariasz', 'Kwiatkowski', '1976-08-17', 'Male', '2024-10-10', '2024-10-11', NULL, 7, NULL, 'Błąd w protokole leczenia.'),
(188, 'Zachariasz', 'Kwiatkowski', '500100288', 'zachariasz.k@email.pl', 'Adela', 'Kalinowski', '1997-04-29', 'Female', NULL, NULL, '2024-10-12 12:00:00', 8, NULL, 'Nieodpowiednia reakcja na objawy uczuleniowe.'),
(189, 'Adela', 'Kalinowski', '500100289', 'adela.k@email.pl', 'Bartłomiej', 'Urbańska', '1968-10-12', 'Male', '2024-10-13', '2024-10-14', NULL, 9, NULL, 'Nieprawidłowe stosowanie terapii grupowej.'),
(190, 'Bartłomiej', 'Urbański', '500100290', 'bartlomiej.u@email.pl', 'Celestyna', 'Brzeziński', '1990-06-24', 'Female', NULL, NULL, '2024-10-15 14:30:00', 10, NULL, 'Błędna interpretacja mammografii.'),
(191, 'Celestyna', 'Brzezińska', '500100291', 'celestyna.b@email.pl', 'Dariusz', 'Jabłoński', '1957-12-07', 'Male', '2024-10-16', '2024-10-17', NULL, 1, NULL, 'Zakrzepica żylna po unieruchomieniu.'),
(192, 'Dariusz', 'Jabłoński', '500100292', 'dariusz.jab@email.pl', 'Edwarda', 'Wilk', '1979-03-20', 'Female', NULL, NULL, '2024-10-18 09:50:00', 2, NULL, 'Pomylenie dwóch pacjentów przy pobieraniu krwi.'),
(193, 'Edwarda', 'Wilk', '500100293', 'edwarda.w@email.pl', 'Felicjusz', 'Pawlak', '1961-09-02', 'Male', '2024-10-19', '2024-10-20', NULL, 3, NULL, 'Awaria systemu monitorowania.'),
(194, 'Felicjusz', 'Pawlak', '500100294', 'felicjusz.p@email.pl', 'Greta', 'Czarnecka', '1983-05-15', 'Female', NULL, NULL, '2024-10-21 11:20:00', 4, NULL, 'Nierozpoznanie objawów guza przysadki.'),
(195, 'Greta', 'Czarnecka', '500100295', 'greta.c@email.pl', 'Hipolit', 'Sokołowski', '1974-11-27', 'Male', '2024-10-22', '2024-10-23', NULL, 5, NULL, 'Krwotok wewnętrzny po operacji.'),
(196, 'Hipolit', 'Sokołowski', '500100296', 'hipolit.s@email.pl', 'Irmina', 'Maciejewska', '1995-02-09', 'Female', NULL, NULL, '2024-10-24 15:15:00', 6, NULL, 'Niedopatrzenie cukrzycy ciążowej.'),
(197, 'Irmina', 'Maciejewska', '500100297', 'irmina.m@email.pl', 'Julian', 'Jaworski', '1966-08-22', 'Male', '2024-10-25', '2024-10-26', NULL, 7, NULL, 'Nieodpowiednia obsługa portu chemioterapeutycznego.'),
(198, 'Julian', 'Jaworski', '500100298', 'julian.j@email.pl', 'Konstancja', 'Kołodziej', '1988-04-04', 'Female', NULL, NULL, '2024-10-27 08:40:00', 8, NULL, 'Błędne rozpoznanie choroby autoimmunologicznej.'),
(199, 'Konstancja', 'Kołodziej', '500100299', 'konstancja.ko@email.pl', 'Longin', 'Lis', '1971-10-17', 'Male', '2024-10-28', '2024-10-29', NULL, 9, NULL, 'Nieprawidłowa ocena stanu psychicznego.'),
(200, 'Longin', 'Lis', '500100300', 'longin.l@email.pl', 'Marlena', 'Głowacka', '1992-06-30', 'Female', NULL, NULL, '2024-10-30 12:55:00', 10, NULL, 'Awaria sprzętu podczas badania TK.');

-- =============================================================================
-- INCIDENT REPORT - INCIDENT DEFINITION ASSOCIATIONS
-- =============================================================================
INSERT INTO "IncidentDefinitionIncidentReport" ("IncidentDefinitionsId", "ReportsWithIncidentId") VALUES
(1, 1), (2, 2), (10, 2), (5, 3), (2, 4), (4, 5), (7, 6), (8, 7), (15, 8), (22, 9), (20, 10),
(1, 11), (2, 12), (9, 13), (5, 14), (1, 15), (2, 16), (2, 17), (8, 18), (9, 19), (4, 20),
(8, 21), (10, 22), (20, 23), (7, 24), (8, 25), (7, 26), (9, 27), (5, 28), (11, 29), (20, 30),
(1, 31), (15, 32), (20, 33), (7, 34), (8, 35), (5, 36), (9, 37), (8, 38), (22, 39), (4, 40),
(6, 41), (10, 42), (5, 43), (2, 44), (8, 45), (7, 46), (10, 47), (15, 48), (22, 49), (20, 50),
(7, 51), (12, 52), (20, 53), (7, 54), (1, 55), (5, 56), (7, 57), (8, 58), (22, 59), (8, 60),
(8, 61), (9, 62), (22, 63), (5, 64), (3, 65), (7, 66), (5, 67), (8, 68), (7, 69), (20, 70),
(20, 71), (15, 72), (5, 73), (7, 74), (3, 75), (3, 76), (7, 77), (15, 78), (7, 79), (8, 80),
(22, 81), (14, 82), (20, 83), (7, 84), (3, 85), (7, 86), (22, 87), (15, 88), (10, 89), (5, 90),
(7, 91), (12, 92), (20, 93), (5, 94), (8, 95), (7, 96), (7, 97), (8, 98), (15, 99), (3, 100),
(20, 101), (15, 102), (5, 103), (5, 104), (3, 105), (5, 106), (5, 107), (8, 108), (8, 109), (22, 110),
(22, 111), (11, 112), (20, 113), (5, 114), (3, 115), (16, 116), (7, 117), (8, 118), (10, 119), (22, 120),
(7, 121), (9, 122), (22, 123), (7, 124), (1, 125), (5, 126), (10, 127), (7, 128), (22, 129), (5, 130),
(8, 131), (12, 132), (20, 133), (5, 134), (3, 135), (5, 136), (7, 137), (8, 138), (5, 139), (20, 140),
(22, 141), (10, 142), (22, 143), (5, 144), (3, 145), (5, 146), (5, 147), (15, 148), (9, 149), (8, 150),
(6, 151), (9, 152), (3, 153), (7, 154), (3, 155), (5, 156), (7, 157), (8, 158), (5, 159), (20, 160),
(3, 161), (15, 162), (5, 163), (7, 164), (1, 165), (7, 166), (5, 167), (8, 168), (8, 169), (4, 170),
(22, 171), (9, 172), (20, 173), (7, 174), (8, 175), (5, 176), (14, 177), (8, 178), (5, 179), (20, 180),
(7, 181), (22, 182), (5, 183), (7, 184), (3, 185), (5, 186), (22, 187), (15, 188), (8, 189), (5, 190),
(6, 191), (2, 192), (20, 193), (5, 194), (8, 195), (5, 196), (22, 197), (5, 198), (5, 199), (20, 200);

-- Dodatkowe definicje dla realizmu
INSERT INTO "IncidentDefinitionIncidentReport" ("IncidentDefinitionsId", "ReportsWithIncidentId") VALUES
(8, 1), (11, 3), (22, 5), (21, 12), (12, 22), (21, 44), (22, 53), (8, 65), (7, 75), (22, 85),
(9, 95), (21, 102), (22, 115), (8, 125), (21, 135), (22, 145), (8, 155), (21, 165), (22, 175), (8, 185);